n, Xn-1, Xn, Xn+1, error
1, 1, 2, 1.333333333, 0.666666667
2, 1.333333333, 2, 1.462686567, 0.129353234
3, 1.462686567, 2, 1.504019004, 0.041332437
4, 1.504019004, 2, 1.516330565, 0.012311561
5, 1.516330565, 2, 1.51991855, 0.003587985
6, 1.51991855, 2, 1.520957481, 0.001038931
7, 1.520957481, 2, 1.521257749, 0.000300268