n, xo, g(xo), Error
1, 1, 1.44224957, 0.44224957
2, 1.44224957, 1.509897449, 0.067647879
3, 1.509897449, 1.519724305, 0.009826856
4, 1.519724305, 1.521141269, 0.001416964
5, 1.521141269, 1.521345368, 0.000204099