n, xo, x1, x2, x3, f(x0), f(x1), f(x2), f(x3), Error
1, 1, 1.5, 2, 1.520517604, -2, -0.125, 4, -0.005120764, 0.479482396
2, 1.5, 2, 1.520517604, 1.521378225, -0.125, 4, -0.005120764, -8.80595E-06, 0.000860621
, , , 1.970563602, 1.970446539, 30.75, -0.611309954, 0.007455499, 2.91609E-05, 0.000117064
, , , 1.970446539, 1.970446079, -0.611309954, 0.007455499, 2.91609E-05, 4.56524E-11, 4.59792E-07