n, Xn, Xn+1, Error
1, 1.5, 1.52173913, 0.02173913
2, 1.52173913, 1.521379806, 0.000359324