n, Xn-1, Xn, Xn+1, Error
1, 1, 2, 1.333333333, 0.666666667
2, 2, 1.333333333, 1.462686567, 0.129353234
3, 1.333333333, 1.462686567, 1.531169432, 0.068482865
4, 1.462686567, 1.531169432, 1.520926421, 0.010243012
5, 1.531169432, 1.520926421, 1.521376317, 0.000449896