n, Po, P1, P2, Pn+1, Error
1, 1, 1.44224957, 1.509897449, 1.52211372, 0.52211372
2, 1.52211372, 1.521485407, 1.521394929, 1.521379708, 0.000734012
, , , 1.777182275, 1.777182274, 4.5637E-09